code,name,setup_date,gap_bp,next_day_golden_cross,ret_1d_pct,ret_2d_pct,ret_3d_pct
000400,许继电气,2024-08-01,-6.3537027659715255,False,-0.8511507558218723,-2.076807844205364,-2.4513141767669833
000400,许继电气,2024-08-02,-1.9436775451634476,False,-0.5875846813217178,-0.9677865339416503,4.838932669708296
000400,许继电气,2024-08-30,-7.770784187053667,True,-1.1134257596437047,5.028374398390922,5.207959198333456
000400,许继电气,2024-11-04,-4.0224051544993795,True,-0.06553509404285673,-0.1966052821285924,-0.36044301723572314
000400,许继电气,2024-12-04,-5.900607599464637,True,-1.7604314929957288,-1.7604314929957288,-0.6367518166154884
000400,许继电气,2025-01-16,-8.38704933878135,True,1.3784411799456553,3.3870268992950425,3.4657949667205035
000400,许继电气,2025-02-24,-7.642474191899747,False,-2.857026243826799,-2.448879637565815,-3.061099546957269
000400,许继电气,2025-03-06,-8.23591279887769,False,-0.8793601607972934,-1.4237259746241793,-1.4237259746241793
000400,许继电气,2025-03-07,-6.5315093439340135,False,-0.42299395118648997,-0.42299395118648997,0.8036885072543409
000400,许继电气,2025-04-09,-10.107182477632517,False,-1.2709606002213825,-6.354803001106957,-7.092780123816144
000400,许继电气,2025-04-10,-2.733436055742389,False,-2.5596177637472683,-3.3275030928714533,-4.138048718058096
000400,许继电气,2025-05-08,-2.259202800109382,True,-1.2120647056081402,0.13985361987787215,0.1864714931704814
000400,许继电气,2026-04-09,-9.664727462542105,True,0.8205786863605624,-9.240429555103645,-8.776624210638984
000400,许继电气,2026-04-21,-8.364888059464608,True,0.23113371085172751,-0.11556685542586376,-1.4638468353942669
000400,许继电气,2026-07-15,-2.379018341905459,True,0.7575757575757569,5.151515151515151,10.909090909090914
600406,国电南瑞,2024-05-29,-2.8657727645423314,True,0.6580493537015286,-2.303172737955339,-0.5170387779083407
600406,国电南瑞,2024-08-16,-11.147214814321126,False,0.0,-1.2886597938144395,-0.9331674369001064
600406,国电南瑞,2024-08-19,-4.691758973345801,False,-1.8989577813107172,-1.545663310369183,0.30913266207384105
600406,国电南瑞,2024-12-11,-5.244352003911886,True,0.7980175563862213,-1.6800369608131471,-3.276072073585623
600406,国电南瑞,2024-12-18,-3.497036253429778,True,2.342518846628905,1.3629200562204513,0.8092337833808916
600406,国电南瑞,2025-03-25,-6.265792521130692,True,0.04673115566147246,0.14019346698441737,-0.5607738679377583
600406,国电南瑞,2025-05-12,-7.377325253982278,True,0.0,0.22790464469666372,-0.7292948630293061
600406,国电南瑞,2025-06-09,-5.2864088428945255,False,-0.6115057152264902,-0.18815560468506964,0.3763112093701393
600406,国电南瑞,2025-06-10,-1.7374793336288372,True,0.4259548487860254,0.9938946471673926,0.946566330635612
600406,国电南瑞,2025-08-08,-10.526236173355814,False,-0.37257824143070994,-0.7451564828613977,-1.0245901639344357
600406,国电南瑞,2025-08-11,-8.767252002183824,False,-0.28074115665356336,-0.5614823133071378,-0.9825940482874884
600406,国电南瑞,2025-08-19,-12.237069721400767,False,0.0,0.7078142695356782,0.23593808984523346
600406,国电南瑞,2025-08-20,-10.080351111146587,False,0.5654509471303193,0.09424182452171248,2.0733201394778966
600406,国电南瑞,2025-08-21,-3.356364875980317,False,-0.4219013688355533,1.5469716857303473,1.8751171948246714
600406,国电南瑞,2025-08-22,-1.7001384472946095,True,1.6899821612994081,2.0185898037742955,0.3755515913998808
600406,国电南瑞,2025-09-08,-2.4006204215500846,True,0.0,-0.04629200999908267,0.8795481899824154
600406,国电南瑞,2026-04-15,-9.920558719477995,True,-0.4900482509046955,-0.7162243667068635,0.9047044632086942
600406,国电南瑞,2026-06-17,-4.116980561727762,True,-1.051340459085326,2.847380410022793,-0.5694760820045497
601179,中国西电,2024-08-30,-7.941730312588147,True,0.7433838834373985,4.014272970562005,3.5682426404995526
601179,中国西电,2024-12-10,-14.643180353019563,False,0.0,0.0,-1.1871784724970413
601179,中国西电,2024-12-11,-7.439901444743473,False,0.0,-1.1871784724970413,-0.7914523149980313
601179,中国西电,2024-12-12,-1.3388372671313509,False,-0.6630420368651468,-0.26521681474606096,0.13260840737301383
601179,中国西电,2025-01-16,-10.357158682782151,True,1.5689630580516312,2.5673940949935803,1.7115960633290461
601179,中国西电,2025-03-12,-14.56929512826627,False,0.45892611289581886,1.8357044515832976,0.9178522257916599
601179,中国西电,2025-03-13,-0.5270780062048503,True,0.9095043201455155,0.0,-0.7579202667879481
601179,中国西电,2025-06-27,-2.8381762075248513,True,0.3335000833750268,0.0,0.5002501250625402
601179,中国西电,2025-09-18,-3.4690272234672044,True,1.5725743041358653,-0.3145148608271642,0.5818524925302659
600522,中天科技,2024-04-29,-4.892309894018434,True,0.5502279515799513,3.2227637163968037,2.6725357648168524
300274,阳光电源,2024-02-08,-13.148068050008265,True,-0.7505109313548641,-3.8384254727188427,-2.83030209353049
300274,阳光电源,2024-06-05,-14.611116852523056,False,-3.3714552952680665,-5.685699304167913,-5.147173447840947
300274,阳光电源,2024-12-12,-6.464047663889007,False,-2.921244818738078,-3.987104414764131,-4.5529311138890805
300274,阳光电源,2025-01-08,-13.913059124647123,False,0.8945963494697118,-1.2264627371762593,-0.4761561214919774
300274,阳光电源,2025-01-09,-0.008887533204436696,False,-1.933958885466669,-1.1890265740276629,1.9769357495881268
300274,阳光电源,2025-06-09,-0.3758029343032694,True,1.9069728878202463,1.9733023795705185,1.9898847525080976
300274,阳光电源,2026-01-16,-13.504470196232896,True,1.5828485367510359,-4.128399728317045,-4.677671795174665
300274,阳光电源,2026-04-17,-14.279963146964562,True,1.870574425385274,2.6506115339467673,3.165587489113575
300750,宁德时代,2024-08-19,-5.674631392932416,True,-0.0812865789605266,-0.6190285628532854,2.376069231154032
300750,宁德时代,2025-03-20,-7.111169116751547,False,-2.684531392540379,-1.8164793254913936,-1.2860030622947827
300750,宁德时代,2025-03-25,-8.730518327374762,False,-1.0099652620819133,-0.2117669097913777,-1.058834548956844
300750,宁德时代,2025-06-25,-5.345515666015407,True,-1.2531938191994163,-1.9832096362087825,-1.4843654945857154
300750,宁德时代,2026-01-06,-11.14638283871676,False,-0.5320286747001135,-1.0256635275146642,-1.0201786958167092
300750,宁德时代,2026-01-07,-10.657030618076325,False,0.33639891907519814,0.34195923178719223,-1.7570588169878665
300750,宁德时代,2026-01-30,-3.5003799937140534,True,-2.3000240900278746,-2.6068851593956888,2.3028919504892498
300750,宁德时代,2026-03-09,-1.6672163465221155,True,0.35452096037000835,5.9450437969740255,5.590522836604017
300750,宁德时代,2026-06-30,-1.1409287703179203,False,-1.5851857189177587,-1.968615381448191,-2.57335343980154
300750,宁德时代,2026-07-16,-9.251925169091642,False,-3.316275633732191,1.1135136883995145,2.669197461296635
002371,北方华创,2024-09-11,-10.140294453350126,False,-1.2478159842931102,-2.955401048327544,-2.401966965073765
002371,北方华创,2024-09-12,-8.48708314704644,False,-1.6861236946911773,-1.1254510700224873,-1.8585681634664009
002371,北方华创,2024-12-20,-1.2886660257691718,True,-1.593542429928807,-0.3676896447873057,-0.9316348785565087
002371,北方华创,2025-01-14,-5.328567676245073,False,-1.6987487129369483,0.8998097764437052,-0.07504232037834901
002371,北方华创,2025-04-03,-12.620720528828464,False,-0.5058191026232728,-0.9193308967530234,5.77731485523969
002371,北方华创,2025-04-07,-4.572956961652381,False,-1.6032976459985582,5.047120289132456,3.099440378820484
002371,北方华创,2025-04-08,-1.6661296802139494,True,7.9135912445915,5.912764062102305,7.324382794604212
002371,北方华创,2025-06-04,-11.887462733859072,True,0.6662407303219098,0.8687194255580843,0.7088343647985829
002371,北方华创,2025-06-18,-7.018990347330828,True,2.1102276704093814,2.8879898217164968,5.746870799250359
600519,贵州茅台,2024-01-24,-13.498908693796885,False,0.7490882631001616,0.7035265440564986,1.55311859916476
600519,贵州茅台,2024-01-25,-3.4958343085673396,True,0.46523411101848655,1.3128157960349496,-1.1604115182875074
600519,贵州茅台,2024-06-27,-12.637313773553025,False,-0.9160669128399856,-2.8782371995812794,0.7773129236627874
600519,贵州茅台,2024-06-28,-11.063441514037947,False,-2.0872744370401097,1.5980466040777408,2.2791572098487256
600519,贵州茅台,2024-08-06,-14.135516074803698,True,0.7680273294844886,1.9346608429714474,2.4039255412864557
600519,贵州茅台,2025-01-17,-12.763061814756213,True,0.9989727953647609,0.5175837309317366,-1.4477866599489353
600519,贵州茅台,2025-02-10,-5.27151739850421,False,-1.2505819448430544,0.5939341979933177,2.2215352424321377
600519,贵州茅台,2025-06-25,-6.0679555124593705,True,0.36683274407767197,-0.8737955963930122,-0.4020486875091267
600519,贵州茅台,2025-08-12,-0.08065510953906767,False,-0.36051941014655364,0.14493608609931208,-0.21267003588443245
600519,贵州茅台,2025-10-15,-14.476547982540135,True,1.6305669961608205,-0.49080137509495136,-0.2829909662758423
600519,贵州茅台,2025-11-07,-7.362319362799499,True,1.9739425127203614,1.7346110212513421,2.180013434377992
600519,贵州茅台,2025-12-15,-14.351181124837558,False,-0.30562814223934476,0.502103376536045,0.34928930541637815
600519,贵州茅台,2025-12-16,-8.441233529959087,True,0.5899408529670636,0.43699322442005695,0.6523580518550842
600519,贵州茅台,2026-04-24,-11.829164844917319,False,-1.2069173606441663,-1.0776047862894211,-1.3527532083886573
600519,贵州茅台,2026-05-29,-0.3252504641035799,True,-1.3395166654349366,-1.5227379104771899,-3.471195772670177
600519,贵州茅台,2026-06-30,-3.939516765666359,True,1.0939750868570464,1.9405135158037545,1.2159986441827142
600036,招商银行,2024-06-20,-11.196618231061757,False,-0.6453463358669143,0.6811989100817595,1.505808117022811
600036,招商银行,2024-06-21,-9.292625781273035,True,1.0071217897992923,1.8344004028487237,0.9711531544493113
600036,招商银行,2024-08-15,-4.759559756594387,True,1.392079070091179,2.331732442402723,2.540544302916392
600036,招商银行,2025-04-18,-0.6708417574064726,True,-0.9833350584825484,-1.6820204947727957,-1.7337749715350403
600036,招商银行,2025-08-26,-12.594175628674227,False,-1.2052839649021263,-1.2534953234982216,-1.4704464371805948
600036,招商银行,2025-09-03,-11.232169543638156,False,0.5883218120311895,-0.12256704417316078,-0.9315095357160241
600036,招商银行,2025-09-04,-5.014518564544184,False,-0.5855943782939743,-1.3907866484481723,-0.41479601795822996
600036,招商银行,2025-09-05,-4.58898094911543,False,-0.6636515583521629,0.3195359355029126,0.7373906203913094
600036,招商银行,2025-12-26,-14.686930379620822,False,0.5297144586822844,1.5639188780143476,1.1098779134295356
600036,招商银行,2025-12-29,-9.579980697911601,True,0.9527630127369457,0.5014542172299796,1.1282719887674375
600036,招商银行,2026-01-29,-14.294667738156521,True,0.37306472673008795,-0.2131798438457566,-0.6128920510565794
600036,招商银行,2026-05-27,-14.326200113460974,False,0.1941909174133727,2.6631897245263048,3.1902793575054877
600036,招商银行,2026-05-28,-6.615232138671443,True,2.520985123417452,3.0473446546804395,4.709532648142489
000333,美的集团,2024-07-05,-2.1563868599148686,True,1.1268311005383724,0.8943103972526734,0.37561036684612414
000333,美的集团,2024-08-13,-5.281575948534119,False,-0.8571055916823389,-0.6707782891427039,0.7080437496506331
000333,美的集团,2024-08-14,-3.6365475174559214,True,0.5659416325529465,1.9619309928502693,3.1315437001263824
000333,美的集团,2024-12-04,-10.806616476134764,True,0.1877669811763516,1.9559060539204198,2.3940290099985884
000333,美的集团,2025-02-27,-11.94164290063776,True,0.4611199065463589,-2.689866121520468,-1.1989117570205488
000333,美的集团,2025-04-22,-14.068285088433905,False,-0.38814451396543825,1.3196913474824878,1.0091757363101195
000333,美的集团,2025-04-23,-1.9018828409031068,True,0.8499590474277063,0.5408830301812717,1.2826654715727415
000333,美的集团,2025-06-24,-11.840237525234226,True,0.5540327754126162,0.43739429637839056,-0.7581501137225111
000333,美的集团,2025-08-08,-10.187150049835967,False,0.6856665871691092,0.9390651085142032,0.7751013594085476
000333,美的集团,2025-08-11,-4.215113801020053,True,0.26651662767627204,0.1036453552074601,0.8587758002902124
000333,美的集团,2025-10-20,-12.588035391260103,False,0.014558583740953424,1.426741206615434,2.8971581644537503
000333,美的集团,2025-10-21,-8.198879771412933,True,1.5746194669621794,3.0471802647693558,2.638945588149544
000333,美的集团,2026-01-20,-9.278263190046212,False,-1.5683564156410257,-1.9537999415189078,-2.8974720221164763
000333,美的集团,2026-01-21,-8.02700707454959,False,-1.0197509660798687,-1.9724130528123607,-2.5493774151996607
000333,美的集团,2026-01-30,-2.25806213127969,True,0.33839573350660235,0.41961070954816826,2.991418284198266
000333,美的集团,2026-03-13,-14.694940875133224,False,0.16483969339817772,0.10989312893210368,0.7417786202917442
000333,美的集团,2026-03-16,-12.759503767299897,False,-0.5187146796254316,0.10920309044746279,-1.3377378579813692
000333,美的集团,2026-03-17,-10.711513155040508,False,0.43824810320742813,-1.0134487386671664,-2.218631022487616
000333,美的集团,2026-03-18,-4.287910818125845,False,-0.591406722781529,-1.8017274577763143,-4.20861528305001
