code,name,cross_date,zone,cross_close,entry_date,entry_open,dif,dea,gap_bp,ret_1d_pct,ret_2d_pct,ret_3d_pct,ret_5d_pct,up_day1,up_2_consecutive,up_3_consecutive,mae_3d_pct,mfe_3d_pct
000400,许继电气,2023-12-27,水上金叉,20.016,2023-12-28,20.126,0.006381766381768017,0.0012763532763536034,2.550666019891294,2.73278346417567,3.279340157010835,3.8755838219218797,6.856802146477192,True,True,True,-0.695617609062904,5.1177581238199155
000400,许继电气,2024-02-07,水下金叉,20.906,2024-02-08,20.806,-0.3078000583083025,-0.31592747823941925,3.8876016125116064,-2.739594347784291,-3.076035758915696,1.9705854080553697,-0.33644141113140513,False,False,False,-5.094684225704138,3.9411708161107395
000400,许继电气,2024-04-11,水上金叉,25.706,2024-04-12,25.416,0.5486391216831699,0.4865552044259134,24.15152775898875,1.927919420837254,3.0295876613157136,2.4787535410764727,5.941139439723009,True,True,False,-0.5114888259364125,5.980484734025815
000400,许继电气,2024-05-13,水上金叉,28.046,2024-05-14,27.826,0.6732453116068484,0.604662517747155,24.45368104531607,-1.6171925537267318,-3.845324516639115,-5.031265722705392,-1.5812549414216948,False,False,False,-5.750017968806153,0.9703155322360324
000400,许继电气,2024-05-20,水上金叉,27.386,2024-05-21,27.396,0.6410993820560016,0.6399002330773277,0.4378693415153374,-1.09505037231713,-4.197693093882327,-5.365746824353934,5.511753540662867,False,False,False,-6.460797196671042,1.3140604467805517
000400,许继电气,2024-05-27,水上金叉,28.906,2024-05-28,28.626,0.6543310229189139,0.5925845443642683,21.361128677314586,0.2794662195207076,-0.3143994969608044,1.1527981555229383,3.8077272409697382,False,False,False,-1.67679731712429,4.541326067211626
000400,许继电气,2024-08-07,水下金叉,30.332,2024-08-08,30.282,-0.3887616584031548,-0.47292167599349016,27.746280360785757,-0.36325209695527994,-2.839970939832237,-2.7078792682121433,-4.127864738128261,False,False,False,-3.1041542830724578,2.77392510402219
000400,许继电气,2024-09-02,水下金叉,27.532,2024-09-03,27.422,-0.7059083569396627,-0.7503768521053878,16.15156732737366,6.637006782875066,6.8193421340529525,5.5065276055721535,3.282036321201942,True,True,False,-0.1094012107067388,7.731018889942387
000400,许继电气,2024-11-05,零轴附近,30.498,2024-11-06,30.428,0.02375291461839879,-0.004811766897163598,9.366083518775785,0.09859340081503909,-0.06572893387669643,1.6432233469173108,-2.82634415669778,False,False,False,-1.0187984750887447,4.403838569738405
000400,许继电气,2024-12-05,水下金叉,26.228,2024-12-06,26.158,-0.9558454879273448,-0.9798591603447604,9.15573906413588,0.26760455692331764,1.4144812294517806,0.841042893187538,1.7203150087927277,False,False,False,-0.9939597828580227,4.778652802201999
000400,许继电气,2025-01-17,水下金叉,25.741,2025-01-20,25.911,-0.5734301203286023,-0.6375945030700161,24.926919211147116,1.3121840145112085,1.3893713094824678,1.350777661996827,2.740148971479295,True,True,False,-0.2701555323993632,3.6663965111342733
000400,许继电气,2025-02-14,水下金叉,25.551,2025-02-17,25.551,-0.2878517959339071,-0.2888285798849601,0.3822879539168703,-1.722046103870678,-3.4440922077413783,-3.7571914993542177,-2.465656921451209,False,False,False,-4.735626785644387,0.9001604633869453
000400,许继电气,2025-03-12,水下金叉,23.831,2025-03-13,23.901,-0.4358681286572512,-0.45017163182834896,6.002057476017684,0.4602317894648822,1.8409271578595066,1.2133383540437581,2.25931969373665,True,True,False,-0.29287477511401594,2.5940337224384047
000400,许继电气,2025-05-09,水下金叉,21.191,2025-05-12,21.321,-0.6935588271170161,-0.7097163812782354,7.624724723335064,0.7504338445663894,0.797335959851786,0.4690211528539878,-1.1256507668495952,True,True,False,-0.42211903756859126,1.6415740349889685
000400,许继电气,2025-06-25,水下金叉,20.461,2025-06-26,20.451,-0.30006334932414447,-0.3089654718193714,4.35077586394943,-0.5867683731846873,2.151484035010509,3.4717128746760695,4.0584812478607235,False,False,False,-0.5867683731846873,4.743044349909531
000400,许继电气,2025-08-25,水上金叉,23.201,2025-08-26,23.161,0.23103138139836688,0.20477870835171902,11.315319618399144,2.245153490781915,-0.30223220068218426,-0.7771685160398945,-1.5111610034109102,True,False,False,-2.9359699494840408,5.353827554941493
000400,许继电气,2025-09-09,水上金叉,23.311,2025-09-10,23.241,0.1288008179983855,0.12588662963815267,1.2501344259074374,-0.8605481691837724,-0.2581644507551273,0.6023837184286451,-1.5059592960716017,False,False,False,-1.9792607891226721,2.151370422959431
000400,许继电气,2025-11-03,水上金叉,26.839,2025-11-04,26.859,0.5482289899987904,0.539494492938438,3.2544048065697133,0.44677761644140723,4.244387356193435,8.414311776313333,7.222904799136232,True,True,True,-3.499757995457764,12.844856472690713
000400,许继电气,2025-12-12,水下金叉,26.509,2025-12-15,26.509,-0.20107605258435868,-0.245997188549661,16.94561694718862,-0.5281225244256671,-3.621411596061719,-3.0932890716360517,-1.4334754234410885,False,False,False,-6.262024218190055,1.6975366856539331
000400,许继电气,2026-01-05,零轴附近,26.279,2026-01-06,26.339,0.003696589228571412,-0.010407992215408493,5.3672443563225025,1.7464596226128615,2.505789893314092,2.809522001594611,4.480048597137332,True,True,True,-0.4176316488856857,5.46717794904894
000400,许继电气,2026-02-27,水上金叉,31.679,2026-03-02,30.929,0.6677470265798036,0.6504144622529772,5.471310434933677,3.6535290504057683,-0.6789744252966412,1.6812700054964713,8.018364641598508,True,False,False,-2.166251737851199,6.240098289631102
000400,许继电气,2026-03-05,水上金叉,33.559,2026-03-06,33.069,0.7766170209318481,0.6759056868876032,30.010230949743715,1.0281532553146233,2.056306510629291,0.9979134536877377,-2.872781154555637,False,False,False,-0.8769542471801395,4.112613021258582
000400,许继电气,2026-04-10,水下金叉,28.259,2026-04-13,25.809,-0.7643034998863101,-0.8240937889670307,21.15796350922559,-1.4336084311674213,-0.9299081715680613,0.8136696501220397,-1.4336084311674213,False,False,False,-3.3321709481188733,1.743577821690101
000400,许继电气,2026-04-22,水下金叉,26.019,2026-04-23,26.019,-0.9531407789009556,-0.966678840231089,5.203144367628792,-0.3459010722933198,-1.691071908989572,-1.9216726238518,-3.3437103655021283,False,False,False,-2.6519082209154776,1.6526384565125563
000400,许继电气,2026-04-29,水下金叉,25.149,2026-04-30,25.099,-0.9281937860466591,-0.9359070963507188,3.067044536188174,-0.5179489222678191,2.2311645882306053,3.8248535798238947,7.211442686959635,False,False,False,-0.9960556197458059,4.302960277301882
000400,许继电气,2026-06-22,水下金叉,23.239,2026-06-23,23.089,-0.9685292220470139,-0.9927778339865094,10.434447239337135,-2.685261379877857,-4.201134739486334,-5.543765429425262,-6.492269045865995,False,False,False,-6.063493438433875,0.6496600112607887
000400,许继电气,2026-06-30,水下金叉,21.7,2026-07-01,21.69,-0.9725192988626503,-0.9791380772738179,3.0501283000772057,-1.9824804057169243,-3.3656062701705847,-2.3974181650530224,-5.255878284923932,False,False,False,-4.287690179806358,0.0
000400,许继电气,2026-07-06,水下金叉,21.11,2026-07-07,21.13,-0.9660909600890335,-0.9795699056913136,6.38509976422555,-2.744912446758152,-4.401325130146705,-5.1585423568386135,-6.862281116895408,False,False,False,-7.335541883577856,0.8991954566966553
000400,许继电气,2026-07-16,水下金叉,19.95,2026-07-17,19.9,-1.0031066155531079,-1.0223276426841774,9.63460006569902,4.623115577889458,10.351758793969857,10.000000000000009,15.979899497487438,True,True,False,-0.2512562814070196,12.412060301507545
600406,国电南瑞,2023-12-27,水上金叉,19.925,2023-12-28,19.925,0.015954415954418266,0.0031908831908836533,6.405788087093908,1.1543287327478113,3.3626097867001103,2.258469259723972,3.6637390213299925,True,True,False,-0.5018820577164407,3.462986198243412
600406,国电南瑞,2024-01-29,水下金叉,19.665,2024-01-30,19.575,-0.14963004549764491,-0.15220405683355398,1.3089302496359347,-1.7879948914431565,-1.4814814814814725,-2.145593869731788,-0.7662835249042099,False,False,False,-2.4010217113665355,1.2771392081736943
600406,国电南瑞,2024-01-31,水下金叉,19.285,2024-02-01,19.175,-0.15118273507443547,-0.15231425657755232,0.5867365844526058,-0.10430247718382635,-1.5645371577574951,1.303780964797907,8.083441981747065,False,False,False,-3.6505867014341553,2.7118644067796627
600406,国电南瑞,2024-02-05,水下金叉,19.425,2024-02-06,19.225,-0.15697900448272506,-0.15881518504442488,0.945266698429765,6.189856957087114,7.802340702210664,7.906371911573462,10.091027308192446,True,True,True,-0.1560468140442195,10.403120936280885
600406,国电南瑞,2024-04-16,水上金叉,23.305,2024-04-17,23.045,0.25638648236225947,0.22340012334377451,14.154198248652632,3.384682143632012,5.5543501844217635,3.2111087003688255,3.0375352571056613,True,True,False,-0.39054024734217485,6.639184204816662
600406,国电南瑞,2024-05-30,水下金叉,21.415,2024-05-31,21.435,-0.3597645020239746,-0.39106730468054113,14.617232153428224,-3.0324236062514554,-1.259622113365988,4.292045719617454,3.6855609983671656,False,False,False,-4.105435036155813,4.665267086540714
600406,国电南瑞,2024-07-09,水上金叉,24.014,2024-07-10,23.984,0.39784221920234586,0.38721714745899494,4.424532249250821,-2.00133422281521,-2.626751167444974,-3.4189459639759834,-3.919279519679797,False,False,False,-4.377918612408271,1.1674449633088724
600406,国电南瑞,2024-08-22,水下金叉,22.714,2024-08-23,22.524,-0.14153876790248532,-0.15708367104342955,6.843754134429967,0.2219854377552899,-0.5771621381637448,-1.7314864144912123,0.2219854377552899,False,False,False,-2.6194281655123386,2.0866631148996673
600406,国电南瑞,2024-08-29,水下金叉,22.574,2024-08-30,22.454,-0.12925394083264408,-0.14321671924869145,6.185336411822172,4.364478489356016,4.809833437249478,7.571034114189001,6.992072681927497,True,True,True,0.0,8.149995546450505
600406,国电南瑞,2024-10-29,水上金叉,26.299,2024-10-30,26.249,0.3660890009117779,0.35670887304197607,3.566724160539109,-1.4857708865099517,-5.104956379290638,-2.8953483942245395,-1.1429006819307252,False,False,False,-5.676406720256,1.3714808183169058
600406,国电南瑞,2024-11-07,水上金叉,26.209,2024-11-08,26.339,0.313665248773205,0.30828120364785316,2.0542733890464513,-0.341698621815556,-1.4047610007972833,-4.366149056532132,-3.6827518129010195,True,False,False,-4.55598162420745,1.8603591632180505
600406,国电南瑞,2024-12-12,水下金叉,23.999,2024-12-13,23.759,-0.36557647216789846,-0.37949308112181546,5.798828681993832,-1.4731259733153812,-3.072519887200642,-1.2626794056988966,1.1364114651289947,False,False,False,-3.619680963003491,0.6734290163727508
600406,国电南瑞,2024-12-19,水下金叉,24.029,2024-12-20,24.039,-0.3485151645275444,-0.38785174751161683,16.370461935191827,-0.9983776363409524,-1.5391655226922984,0.6239860227130745,-0.124797204542626,False,False,False,-1.9967552726818938,0.7071841590748251
600406,国电南瑞,2025-01-22,水下金叉,22.479,2025-01-23,22.539,-0.4666112432559082,-0.46921544483832106,1.158504196099857,-3.3275655530413895,-1.1979235990949189,-2.262744576068154,-2.3514796574825914,False,False,False,-3.7712409601135866,0.532410488486601
600406,国电南瑞,2025-01-24,水下金叉,22.269,2025-01-27,22.279,-0.4504076622422062,-0.4675115538246806,7.680583583669873,-1.1221329503119493,-1.9300686745365558,-1.2119035863369043,-0.4937384981372528,False,False,False,-2.3340365366488647,0.9425916782620503
600406,国电南瑞,2025-03-26,水下金叉,21.409,2025-03-27,21.349,-0.26353017083425456,-0.26613053439317286,1.2146123400991615,0.37472481146656467,-0.32788421003325796,-2.3420300716661235,-2.3420300716661235,True,False,False,-2.3420300716661235,0.6557684200665159
600406,国电南瑞,2025-04-03,水下金叉,21.279,2025-04-07,20.649,-0.26072001193363903,-0.2658413983934605,2.4067796700133766,0.7748559252264142,7.118988813017579,10.944839943822938,8.039130224223934,False,False,False,-1.8887113177393555,10.944839943822938
600406,国电南瑞,2025-04-08,水下金叉,22.119,2025-04-09,22.149,-0.17885839635060208,-0.2499377756312116,32.13498769411345,3.431306153776692,0.7223802429003667,0.7223802429003667,1.3996117206194425,True,False,False,-0.9029753036254418,6.5465709512844805
600406,国电南瑞,2025-05-13,水下金叉,21.939,2025-05-14,21.879,-0.021763379631089208,-0.02281292714732461,0.4783935075597808,0.5027652086475598,-0.4570592805887008,-1.23406005758947,-0.045705928058881184,True,False,False,-1.736825266237041,0.7770007770007581
600406,国电南瑞,2025-05-19,水下金叉,21.849,2025-05-20,21.899,-0.014875542636165306,-0.017075182208694716,1.0067461085310125,-0.13699255673775834,-0.8219553404265056,0.5936344125302417,-3.24215717612677,True,False,False,-1.0502762683227584,0.6392985981094945
600406,国电南瑞,2025-06-11,水下金叉,21.219,2025-06-12,21.229,-0.16729654935565463,-0.17592469872904026,4.066237510431985,0.5181591219558079,0.47105374723257487,0.8007913702953617,1.4131612416976802,True,False,False,-0.5652644966790632,1.4131612416976802
600406,国电南瑞,2025-07-21,零轴附近,22.312,2025-07-22,22.652,0.004679979853726479,-0.03479862644459235,17.693889520580328,1.6334098534345642,-2.737065159809293,-3.664135617164055,-4.98852198481371,True,False,False,-4.502913650008821,3.178527282359167
600406,国电南瑞,2025-08-25,水下金叉,21.662,2025-08-26,21.722,-0.0402616600859389,-0.06653558716464818,12.129040291159301,0.04603627658594789,-1.5652334039222948,-1.1509069146487416,-3.406684467360288,True,False,False,-2.2557775527115465,0.7365804253751884
600406,国电南瑞,2025-09-09,水下金叉,21.602,2025-09-10,21.612,-0.04956905723697247,-0.07948834250010728,13.850238525661887,-0.09254118082546725,0.8328706274292275,0.046270590412733625,-0.27762354247639065,False,False,False,-1.0642235794928623,1.017952989080162
600406,国电南瑞,2025-10-29,水上金叉,24.458,2025-10-30,24.508,0.4105175805496124,0.3407609734679985,28.520977627612197,-2.6113921984658117,-3.0602252325771184,-2.0401501550514123,-1.0200750775257061,False,False,False,-4.325118328708988,0.3264240248082251
600406,国电南瑞,2025-12-08,水下金叉,22.258,2025-12-09,22.258,-0.31823140284378226,-0.321492108365931,1.4649589011361055,-1.1681193278821,-0.4942043310270483,-0.04492766645699531,1.3029023272531193,False,False,False,-1.7971066582801676,1.7971066582801676
600406,国电南瑞,2026-01-05,水下金叉,22.678,2026-01-06,22.758,-0.04105108692136028,-0.05891486857917589,7.877141572367761,1.0106336233412394,1.0985148079796225,1.669742508129013,2.284910800597584,True,True,True,-0.7909306617453149,2.724316723789433
600406,国电南瑞,2026-02-03,水上金叉,25.468,2026-02-04,25.328,0.6007053821803723,0.600321665426103,0.15066622988428305,0.27637397346809145,-2.210991787744787,-2.329437776373977,-0.19740998104864627,False,False,False,-3.5138976626658214,1.4608338597599468
600406,国电南瑞,2026-02-24,水上金叉,26.388,2026-02-25,26.408,0.5648561008486297,0.5269198239663093,14.376336547794594,0.3786731293547341,2.1205695243865508,1.5904271432898964,3.105119660708877,True,True,False,-0.7952135716449593,2.91578309603151
600406,国电南瑞,2026-04-16,水下金叉,26.398,2026-04-17,26.468,-0.2912763808468313,-0.3177171838368209,10.016214482153812,-0.4911591355599154,1.1334441589844424,0.34003324769533716,0.03778147196615844,False,False,False,-1.1712256309505786,1.549040350612052
600406,国电南瑞,2026-04-29,水下金叉,26.148,2026-04-30,26.118,-0.15060774237519325,-0.16035934277382521,3.7293867212146092,-2.3738417949306867,-1.4166475227812114,-0.5743165632896785,0.9954820430354561,False,False,False,-2.6035684202465714,0.0
600406,国电南瑞,2026-05-11,水下金叉,26.378,2026-05-12,26.388,-0.14744911161476892,-0.17280208745442177,9.611409447135054,0.15158405335757852,4.395937547369999,1.5537365469152409,-1.4021524935576846,True,True,False,-0.6063362134303474,6.139154160982252
600406,国电南瑞,2026-06-18,水下金叉,22.588,2026-06-22,22.708,-0.8062463796066872,-0.8099211274556808,1.6268584420903027,3.390875462392118,-0.04403734366742462,-1.0128589043508773,-1.9376431213669054,True,False,False,-1.2330456226880337,3.4349128060595424
600406,国电南瑞,2026-07-15,水下金叉,22.16,2026-07-16,22.05,-0.4612248668264627,-0.47620148936656287,6.758403673330406,0.22675736961450532,0.6349206349206327,6.848072562358265,7.709750566893425,False,False,False,-0.6802721088435493,6.8934240362811705
601179,中国西电,2023-12-27,水上金叉,4.62,2023-12-28,4.62,0.002393162393161674,0.0004786324786323348,4.144004144002899,0.43290043290042934,1.298701298701288,2.5974025974025983,4.978354978354971,True,True,True,-0.6493506493506551,3.0303030303030276
601179,中国西电,2024-01-26,水上金叉,4.98,2024-01-29,5.02,0.050683207124819774,0.044180883159917146,13.05687543153138,-0.3984063745019806,-2.589641434262946,-3.3864541832669293,-8.167330677290819,True,False,False,-4.581673306772904,1.5936254980079667
601179,中国西电,2024-02-07,水上金叉,5.08,2024-02-08,5.09,0.027840576237178283,0.026032951231645125,3.5583169400259007,-1.7681728880157177,-1.7681728880157177,-1.178781925343808,-2.3575638506876273,False,False,False,-3.929273084479379,2.357563850687616
601179,中国西电,2024-04-11,水上金叉,5.78,2024-04-12,6.0,0.06385627877201383,0.03757394041443737,45.47117362902501,6.333333333333324,13.16666666666666,20.833333333333325,33.00000000000001,True,True,True,-1.5000000000000013,24.666666666666682
601179,中国西电,2024-06-05,水上金叉,7.21,2024-06-06,7.2,0.05872743489377541,0.04186534362194921,23.38708914261609,-2.777777777777779,-2.6388888888888906,-4.861111111111116,-2.777777777777779,False,False,False,-5.833333333333335,0.5555555555555536
601179,中国西电,2024-06-28,水上金叉,7.79,2024-07-01,7.81,0.1604278025795951,0.14351918504756708,21.70554240311684,0.512163892445594,-2.8169014084507005,-6.017925736235597,-3.201024327784896,True,False,False,-6.530089628681179,1.1523687580025754
601179,中国西电,2024-07-31,水下金叉,6.976,2024-08-01,6.956,-0.11291906622365744,-0.11542709576726227,3.595225836589502,0.7188039102932642,-0.7188039102932864,-4.025301897642331,1.2938470385278844,True,False,False,-4.169062679700975,2.3001725129384587
601179,中国西电,2024-09-02,水下金叉,6.776,2024-09-03,6.806,-0.10124860538983427,-0.11975606112620846,27.313246364188593,2.7916544225683237,2.3508668821627943,0.0,-1.4692918013517464,True,False,False,-0.2938583602703604,4.5548045841904194
601179,中国西电,2024-10-31,水上金叉,8.101,2024-11-01,8.101,0.1986123645872011,0.19476333214691874,4.751305320679383,5.184545117886685,5.307986668312559,5.925194420441904,6.789285273423018,True,True,True,-2.5922725589433537,8.64090852981112
601179,中国西电,2024-12-17,水下金叉,7.551,2024-12-18,7.631,-0.09801034213055804,-0.10097587718399458,3.927340820337092,0.2620888481195127,-1.44148866465732,-0.2620888481195238,2.489844057135371,True,False,False,-3.1450661774341526,3.0140217533743963
601179,中国西电,2025-01-17,水下金叉,7.121,2025-01-20,7.131,-0.16771365908972857,-0.17564597944142418,11.139334857036385,0.8413967185527893,0.0,0.9816295049782653,1.9071658953863535,True,False,False,-0.42069835927640575,2.1034917963819844
601179,中国西电,2025-02-24,水下金叉,6.957,2025-02-25,6.877,-0.09793295256053636,-0.10564930926971873,11.09150022880893,-2.0357714119528802,-1.4541224371091954,-2.326595899374728,-3.926130580194842,False,False,False,-3.3444816053511683,0.14541224371091843
601179,中国西电,2025-03-14,水下金叉,6.657,2025-03-17,6.667,-0.12782502182006272,-0.14030063008000576,18.740586239962504,-1.0499475026248595,-1.7999100044997718,-1.4999250037498024,-1.9499025048747565,False,False,False,-1.9499025048747565,0.44997750112494295
601179,中国西电,2025-04-24,水下金叉,6.217,2025-04-25,6.227,-0.1338520614239176,-0.1369062333536049,4.912613687771146,-0.1605909747872225,-1.6059097478721807,-1.4453187730849693,0.0,False,False,False,-2.40886462180826,0.6423638991488678
601179,中国西电,2025-06-30,水下金叉,6.017,2025-07-01,6.017,-0.05834290462299219,-0.06342055194823,8.43883550812334,-0.33239155725445224,0.16619577862722057,0.0,2.32674090078111,False,False,False,-0.4985873358816728,0.4985873358816617
601179,中国西电,2025-08-21,水上金叉,6.609,2025-08-22,6.599,0.039889183223903224,0.03867877721632105,1.831451063068808,0.6061524473405022,1.2123048946810044,1.0607667828458789,-1.06076678284589,True,True,False,-0.7576905591756278,2.1215335656917578
601179,中国西电,2025-09-19,水下金叉,6.459,2025-09-22,6.459,-0.020499094679687246,-0.025588501591851755,7.879558619235963,-1.8578727357175917,-0.9753831862517326,0.8824895494658591,1.346957733395282,False,False,False,-3.452546833875214,1.192135005418793
601179,中国西电,2025-10-27,水上金叉,7.626,2025-10-28,7.446,0.1964223042430433,0.16592458389193326,39.991765474836136,-1.2087026591458438,8.72951920494225,5.372011818426015,12.489927477840457,False,False,False,-1.7459038409884498,8.998119795863557
601179,中国西电,2025-12-12,水上金叉,9.026,2025-12-15,9.466,0.029568898469857885,0.02873935452560778,0.9190604301463592,0.8451299387280731,-2.957954785548267,-0.10564124234100358,-4.014367208958369,True,False,False,-3.6974434819353474,3.908725966617377
601179,中国西电,2026-01-07,水上金叉,10.536,2026-01-08,10.536,0.3115774474160613,0.244556469084521,63.61140692059634,-0.37965072133636646,2.562642369020507,7.593014426727418,20.8807896735004,False,False,False,-3.227031131359148,10.060744115413822
601179,中国西电,2026-03-05,水上金叉,18.056,2026-03-06,18.546,0.9103837358039613,0.8290874741642087,45.02451353552977,3.7743987921923905,8.465437291060063,7.4948776016391605,0.21567993098241534,True,True,False,-1.5097595168769629,11.053596462849136
601179,中国西电,2026-04-15,零轴附近,17.646,2026-04-16,17.636,0.0012140274126508643,-0.10242792016785009,58.73396099994386,-1.417555001134041,-2.835110002268093,3.0052166024041815,1.4742572011794186,False,False,False,-5.273304604218643,4.02585620322069
601179,中国西电,2026-05-11,水上金叉,18.046,2026-05-12,18.046,0.2981959119801836,0.27840508942851894,10.966874959361988,6.095533636262895,5.098082677601701,-2.7152831652443643,-5.430566330488751,True,False,False,-2.770697107392217,9.919095644464138
601179,中国西电,2026-06-17,水下金叉,15.736,2026-06-18,15.626,-0.5441691113366378,-0.6064428129994452,39.57403511871341,-2.6878279790093385,7.103545373096121,3.2637911173684975,2.969409957762714,False,False,False,-3.7117624472033817,8.447459362600807
601179,中国西电,2026-07-23,水下金叉,13.65,2026-07-24,14.01,-0.7345227080594565,-0.8113626152098228,56.29297227133059,-3.2833690221270473,0.5710206995003464,-4.06852248394004,-6.35260528194147,False,False,False,-5.995717344753748,3.3547466095646072
600522,中天科技,2023-12-27,水上金叉,10.862,2023-12-28,10.862,0.009572649572646696,0.0019145299145293393,7.050377147962951,6.99686982139569,7.825446510771483,6.99686982139569,4.327011600073649,True,True,False,-0.5523844595838767,9.666728042717732
600522,中天科技,2024-01-18,水上金叉,11.372,2024-01-19,11.322,0.04632901703651093,0.036480055147250744,8.660712178385676,-0.7949125596184436,-5.476064299593708,0.264970853206159,2.649708532061479,False,False,False,-6.359300476947527,2.649708532061479
600522,中天科技,2024-01-23,水上金叉,11.352,2024-01-24,11.412,0.057438154190595725,0.04288285189641594,12.821795537508619,0.6133894146512331,1.8401682439537215,0.0,-3.9432176656151507,True,True,False,-2.8040658955485465,2.2783035401331864
600522,中天科技,2024-02-19,零轴附近,11.502,2024-02-20,11.412,0.0077841573146351095,-0.017260889304299826,21.77451453567635,0.7010164738871394,1.6649141254819533,1.8401682439537215,1.577287066246047,False,False,False,-1.4020329477742788,4.206098843322814
600522,中天科技,2024-04-30,水下金叉,12.792,2024-05-06,13.062,-0.14745383985050964,-0.18847800570120077,32.07017342924572,0.5359056806002238,0.0,0.7655795437146118,4.134129536058806,True,False,False,-1.4546011330577202,2.8326443117439926
600522,中天科技,2024-06-18,水上金叉,14.852,2024-06-19,14.902,0.21480029298972347,0.19719134250234482,11.85628231038153,-0.8052610387867309,-0.40263051939336547,0.8723661253523085,-2.6842034626224587,False,False,False,-1.744732250704606,2.0131525969668607
600522,中天科技,2024-06-28,水上金叉,15.072,2024-07-01,15.082,0.2783295670392931,0.26839524721498276,6.59124192164966,0.4641294258055817,-4.840206869115504,-4.574990054369454,-3.381514388012208,True,False,False,-9.149980108738898,0.9945630552977036
600522,中天科技,2024-07-26,水下金叉,14.932,2024-07-29,14.932,-0.04868932954233607,-0.07942791704026403,20.58571356678808,-1.5403160996517617,-2.6118403428877612,-3.482453790517004,-6.161264398607013,False,False,False,-5.35762121618002,1.5403160996517506
600522,中天科技,2024-08-30,水下金叉,12.402,2024-09-02,12.292,-0.44674989087341466,-0.45814465145587163,9.187841140507157,-2.9287341360234254,0.24406117800195304,2.766026684022127,1.057598438008478,False,False,False,-3.9863325740318922,3.823625122030605
600522,中天科技,2024-11-06,水上金叉,16.362,2024-11-07,16.222,0.5509741928529728,0.5407869058707299,6.226186885614788,3.267168043397839,3.205523363333751,3.0205893231413983,2.2808531623720762,True,False,False,-0.49315744051289245,6.164468006411039
600522,中天科技,2025-01-17,水下金叉,13.232,2025-01-20,13.332,-0.5713267816445828,-0.5956716132646258,18.3984519498511,-1.8751875187518752,-1.7251725172517274,-1.275127512751273,0.6000600060005912,False,False,False,-3.0753075307530797,0.8250825082508184
600522,中天科技,2025-04-21,水下金叉,13.342,2025-04-22,13.322,-0.24142045992428862,-0.24834365720524065,5.189025094402662,0.6755742381024055,1.3511484762047887,0.15012760846719875,0.600510433868795,True,True,False,-0.5254466296351734,2.251914127007959
600522,中天科技,2025-06-06,水下金叉,13.052,2025-06-09,13.052,-0.1531476864011001,-0.16354542665955563,7.966396152662829,1.0726325467361297,0.15323322096230108,0.30646644192462436,-0.842782715292667,True,False,False,-0.7661661048115165,1.3790989886607319
600522,中天科技,2025-08-06,水上金叉,13.88,2025-08-07,13.89,0.0878502949067066,0.0839198568119309,2.831727733988253,-0.719942404607643,1.1519078473722022,2.7357811375089858,4.247660187185032,False,False,False,-1.439884809215275,3.239740820734327
600522,中天科技,2025-09-19,水上金叉,16.48,2025-09-22,16.73,0.36820649484036494,0.3611919330264607,4.256408867660347,1.1356843992827326,1.4943215780035768,6.93365212193664,7.591153616258217,True,True,True,-2.988643156007176,8.427973699940239
600522,中天科技,2025-12-01,水下金叉,16.56,2025-12-02,16.44,-0.30181093861815,-0.32239263120124867,12.428558323127215,0.24330900243307862,-1.2773722627737238,-0.6690997566910162,0.9124087591240837,False,False,False,-2.4939172749391725,0.6690997566910051
600522,中天科技,2026-01-20,水上金叉,18.94,2026-01-21,18.64,0.3285396519484749,0.30008293015984827,15.024668315008778,1.6094420600858417,-0.10729613733905241,4.774678111587982,12.017167381974247,False,False,False,-1.1266094420600892,7.993562231759643
600522,中天科技,2026-03-11,水上金叉,29.75,2026-03-12,29.34,2.139223183820281,2.101777741157213,12.586703416157286,2.1813224267211995,0.5112474437627856,-4.498977505112478,-10.224948875255624,True,False,False,-5.453306066802998,7.293796864349011
600522,中天科技,2026-04-01,水上金叉,28.9,2026-04-02,28.89,0.8776095829962145,0.8477242917811102,10.340931216299067,0.5884389061959094,5.261336102457603,3.8075458636206205,7.78816199376946,True,True,False,-0.13845621322257085,9.068881966078223
600522,中天科技,2026-04-21,水上金叉,32.18,2026-04-22,32.28,0.853398276553019,0.7946892739727209,18.243941137445027,7.0631970260223165,4.739776951672869,2.075588599752165,7.620817843866168,True,False,False,-0.12391573729862992,7.744733581164809
600522,中天科技,2026-06-08,水上金叉,49.27,2026-06-09,50.27,2.62473489016876,2.3775901527132706,50.16130250771049,7.8575691267157355,-0.6564551422319598,-2.506465088521992,1.631191565546053,True,False,False,-4.933359856773434,7.8575691267157355
600522,中天科技,2026-08-05,水下金叉,32.0,2026-08-06,31.25,-4.7249572521737235,-4.821224286755311,30.083448306746085,3.3279999999999976,7.743999999999995,5.344000000000015,7.359999999999989,True,True,False,0.0,9.888000000000009
300274,阳光电源,2023-12-28,水上金叉,60.663,2023-12-29,60.197,0.32164148018279093,0.054359976948238686,44.0600536133314,-1.3804674651560767,-3.9869096466601417,-4.261009684868022,-10.234729305447122,False,False,False,-5.819226871771022,0.1777497217469337
300274,阳光电源,2024-01-11,水上金叉,58.872,2024-01-12,58.908,0.20760540656855397,0.12471974274573691,14.078961785367756,1.1424594282610112,0.2308684728729471,2.3460310993413502,4.206559380729269,True,False,False,-1.2646839138996446,4.681876824879461
300274,阳光电源,2024-02-19,水下金叉,57.79,2024-02-20,57.432,-0.26884656866979384,-0.3098414942255869,7.093774970720373,-2.5073129962390417,-1.4852347123554877,-0.9855133026884011,-1.509611366485586,False,False,False,-4.403468449644798,2.007591586571933
300274,阳光电源,2024-04-29,零轴附近,72.783,2024-04-30,72.54,0.0015907634691245676,-0.09922649362664343,13.851758940380034,-2.597187758478081,-0.2963881996140061,0.9084642955610622,0.6024262475875286,False,False,False,-2.794320374965542,2.438654535428708
300274,阳光电源,2024-07-12,水下金叉,59.415,2024-07-15,59.485,-2.6881525382847897,-2.715209994897269,4.553977381550028,3.076405816592409,13.667311086828615,13.650500126082221,17.01269227536355,True,True,False,-1.1767672522484673,15.432461965201316
300274,阳光电源,2024-08-07,水上金叉,68.295,2024-08-08,67.835,0.883826572424411,0.831832376778887,7.61317748671557,-0.33905800840272615,-1.076140635365208,-2.6977224146826795,-3.1547136433994316,False,False,False,-2.992555465467661,2.093314660573453
300274,阳光电源,2024-08-27,水上金叉,68.475,2024-08-28,68.195,0.38488160700404705,0.27461852587882124,16.1026770537022,0.4839064447540231,7.126622186377318,8.959601143778894,7.493217977857625,True,True,True,-0.483906444754012,11.26182271427525
300274,阳光电源,2024-09-27,水上金叉,82.505,2024-09-30,86.185,2.2636109876114716,2.0999472029742705,19.83683226922018,12.415153448976035,35.16853280733307,11.869814932992995,9.189534141671984,True,True,False,-2.552648372686661,35.16853280733307
300274,阳光电源,2024-12-24,水下金叉,75.835,2024-12-25,75.805,-2.3785041336151522,-2.5205633204951585,18.73266788158585,-0.7915045181716374,-0.6595870984763552,-3.720071235406641,-6.160543499769144,False,False,False,-4.102631752522933,0.422135743024854
300274,阳光电源,2025-01-13,水下金叉,68.975,2025-01-14,69.075,-2.3261971060641002,-2.3634562856758023,5.401838290931804,3.0546507419471514,2.1425986246833117,3.4889612739775533,8.107129931234148,True,False,False,-1.1002533478103538,4.907709011943551
300274,阳光电源,2025-02-07,水下金叉,71.705,2025-02-10,71.485,-0.9065095724171499,-1.0487126241244638,19.831678642676778,-2.867734489753093,-4.714275722179484,-4.686297824718466,-6.350982723648324,False,False,False,-5.987270056655247,0.0
300274,阳光电源,2025-02-26,水下金叉,67.465,2025-02-27,67.805,-1.6678597554247716,-1.6729095780445218,0.7485099858815945,1.9615072634761477,0.5899269965341736,3.052872207064361,-3.347835705331481,True,False,False,-0.14748174913356005,4.984883120713812
300274,阳光电源,2025-03-14,水下金叉,66.055,2025-03-17,66.155,-1.0062317232723785,-1.0552466087195247,7.420314199855599,-0.10581210792836027,1.8743859118736328,1.1034691255385143,-1.88950192729197,True,True,False,-0.43836444713174494,2.796462852392101
300274,阳光电源,2025-04-24,水下金叉,54.105,2025-04-25,54.405,-3.178838879164047,-3.2025265572657635,4.3780940951328615,3.1614741292160575,10.109364948074617,7.719878687620607,9.35575774285451,True,True,False,0.0,11.873908648102205
300274,阳光电源,2025-06-10,水下金叉,61.455,2025-06-11,61.355,-0.14030047656262212,-0.3248347920654689,30.027551135440042,0.22818026240729594,0.24447885257925517,-0.9306494988183478,-0.3276016624561895,True,True,False,-1.6624561975389085,1.483171705647468
300274,阳光电源,2025-08-08,水上金叉,79.974,2025-08-11,80.034,2.07270223015351,1.9525170128172908,15.02803627881802,3.573481270460044,8.046580203413555,9.208586350800907,15.768298473148889,True,True,True,-0.449808831246723,10.27063498013343
300274,阳光电源,2025-09-03,水上金叉,113.274,2025-09-04,116.874,7.119895038917321,6.303283642397581,72.0916888712096,-2.1390557352362394,14.408679432551308,15.811899994866273,8.385098482126052,True,True,True,-4.654585279874047,24.27400448346082
300274,阳光电源,2025-09-24,水上金叉,152.574,2025-09-25,152.354,13.431097516410347,12.963624486646582,30.63910166632354,3.8463053152526294,2.3104086535305823,7.2331543641781515,3.222757525237263,True,False,False,-1.3914961208763788,10.383711618992608
300274,阳光电源,2025-10-29,水上金叉,190.805,2025-10-30,194.215,11.007340764682198,9.306878974290612,89.12039990522184,-0.11327652344051975,-2.6259557706665215,2.3530623278325447,2.883402414849523,True,False,False,-3.815359266791951,4.623741729526554
300274,阳光电源,2025-12-26,水下金叉,180.395,2025-12-29,181.315,-1.8037590232916898,-1.9436592270288762,7.755215152148694,-3.4635854727959603,-1.6159722030720025,-6.044728786917797,-5.44908032981275,False,False,False,-6.050244050409503,0.5129195047293367
300274,阳光电源,2026-01-19,水下金叉,171.995,2026-01-20,171.495,-1.4739587489738994,-1.6735870869164642,11.606636119803758,-5.347094667483021,-5.889384530161223,-6.88066707484184,-7.294673314090783,False,False,False,-7.976908947782735,0.10495932826031229
300274,阳光电源,2026-02-10,水下金叉,154.805,2026-02-11,154.025,-5.00083155647701,-5.162968563320665,10.473628554869348,-1.629605583509186,1.194611264405121,-3.603311150787214,-0.3960396039604075,False,False,False,-3.603311150787214,1.8113942541795103
300274,阳光电源,2026-04-20,水下金叉,134.515,2026-04-21,135.305,-6.659924679832557,-6.883860244210394,16.647627727601964,0.17737703706439678,0.6799453087468876,-1.1012157717748883,-3.399726543734516,True,True,False,-2.5350134880455344,1.9215845681977761
300274,阳光电源,2026-06-30,水下金叉,159.02,2026-07-01,151.07,-0.2810674458916651,-0.4232252537118397,8.93961814992923,-9.366518832329385,-15.37697756007148,-16.489044813662534,-15.582180446150783,False,False,False,-16.528761501290788,0.013238895876099832
300274,阳光电源,2026-07-23,水下金叉,117.79,2026-07-24,116.13,-10.93242213981597,-11.169507402202063,20.12779203549484,-2.333591664513901,0.0688883148195929,-3.4874709377421875,-10.694910875742703,False,False,False,-5.071902178592957,3.7199690002583274
300750,宁德时代,2023-12-28,水上金叉,142.903,2023-12-29,143.893,0.43637373073269714,0.06430038717217826,26.036776244061983,-0.5003718040488381,-4.968969998540585,-5.684779662666017,-9.090087773553968,True,False,False,-6.6577248372054365,0.7088600557358715
300750,宁德时代,2024-01-16,水下金叉,136.863,2024-01-17,136.773,-0.7599728242446986,-0.8039782103875369,3.2152872684975726,-3.3778596652848214,-1.6450615253010503,-1.433031373151139,-2.1568584442835825,False,False,False,-5.008298421472068,0.7530726093600393
300750,宁德时代,2024-01-18,水下金叉,134.523,2024-01-19,133.713,-0.7061776739440404,-0.7903721721305043,6.258743723115293,0.822657482817668,1.391039016400808,0.08226574828178457,0.8974445267102116,True,True,False,-2.3557918826142554,4.59940319938974
300750,宁德时代,2024-02-06,水下金叉,138.243,2024-02-07,137.913,-0.9238322984526803,-1.3417195734923992,30.22845822498925,1.160151689833433,3.509458861746162,1.515448144844922,2.320303379666888,True,True,False,-1.4501896122918079,5.075663643021322
300750,宁德时代,2024-03-11,水上金叉,160.763,2024-03-12,163.253,3.392531965719485,2.293091543192797,68.38889685603577,1.531365426669029,1.1270849540284011,0.28789670021378555,4.667601820487222,True,False,False,-2.045904210029814,2.8299633084843734
300750,宁德时代,2024-04-01,水上金叉,177.753,2024-04-02,178.013,7.864242579508357,7.599461268429401,14.896024881659137,0.8988107610118368,-0.25279052653458534,-1.966148539713397,-3.0110160493896587,True,False,False,-1.966148539713397,1.9492958379444092
300750,宁德时代,2024-04-29,水上金叉,189.543,2024-04-30,190.688,4.292318856282179,4.193412825147337,5.218131565652261,-1.6571572411478441,0.6397885551266969,0.5873468702802587,1.9088773284108074,False,False,False,-1.9718073502265399,3.1150360798791743
300750,宁德时代,2024-07-12,水下金叉,164.728,2024-07-15,163.228,-4.3776740442528705,-4.483808387301824,6.443005624359771,-0.11027519788272544,0.6126399882373068,1.5867375695346464,6.824809468963644,False,False,False,-1.4458303722400645,2.671110348714678
300750,宁德时代,2024-08-20,水下金叉,159.798,2024-08-21,158.928,-2.726093052044291,-2.82468951941129,6.170068922452033,0.00629215745493461,3.020235578375119,4.9078828148595655,5.977549582200736,False,False,False,-1.258431490989631,5.360918151615834
300750,宁德时代,2024-11-12,水上金叉,257.948,2024-11-13,253.928,10.797326220767559,10.783477782843613,0.536869366071666,5.119561450489907,2.3628745156107245,-1.3547147222834788,-0.11026747739516507,True,False,False,-1.3547147222834788,7.5611984499543095
300750,宁德时代,2024-12-12,水上金叉,258.638,2024-12-13,254.808,3.9228225661940996,3.7317902047426763,7.386090267146488,-1.1184892154092463,-1.0517723148409819,1.538413236633085,-0.035320712065556314,False,False,False,-2.2879972371354085,3.1867131330256537
300750,宁德时代,2024-12-17,水上金叉,258.728,2024-12-18,259.238,3.923028068700944,3.7456164947548696,6.857068966098544,-1.1186631589504503,-1.7435715442952082,-4.474652635801846,-2.3453351746271833,False,False,False,-5.396585377143781,0.16201328508937962
300750,宁德时代,2025-01-20,水下金叉,250.448,2025-01-21,253.428,-2.327042809830516,-2.878825223890746,22.031815548945485,-1.7046261660116468,-4.14318859794498,-4.340483293085217,-4.05440598513187,False,False,False,-5.638682387107973,0.10259324147292581
300750,宁德时代,2025-03-03,水上金叉,259.683,2025-03-04,256.153,3.467386964207833,3.2733088725454658,7.473654096046612,-2.732741759807622,-3.5174290365523775,-2.221328659043631,-5.270287679628982,False,False,False,-4.489504319683945,0.3903916799725238
300750,宁德时代,2025-04-21,水下金叉,217.513,2025-04-22,220.69,-8.489268357857185,-8.933385800794252,20.417972394158827,0.31265576147536667,1.5179663781775377,3.1129638859939357,2.1976528161674613,True,True,True,-1.2687480175812227,3.964837554941325
300750,宁德时代,2025-06-26,水下金叉,243.48,2025-06-27,247.19,-0.4769869969984484,-0.807253192294523,13.564407561034772,-2.229054573405065,-1.7314616287066653,-2.0227355475545106,2.463691896921394,False,False,False,-2.750920344674146,0.3843197540353449
300750,宁德时代,2025-08-15,水上金叉,271.36,2025-08-18,271.36,1.8583347936385621,1.6433348291820777,7.923052935454171,0.8586379716981174,-1.0576356132075526,-0.17246462264151052,2.768278301886795,True,False,False,-2.807340801886793,1.7725530660377409
300750,宁德时代,2025-11-14,水上金叉,395.812,2025-11-17,379.692,9.347703233071059,9.234588416462042,2.8577914921482,0.7321723923601198,-0.7901140924749583,0.8164512288907799,-4.740684554849716,False,False,False,-1.8435995491082213,2.7996376010029245
300750,宁德时代,2025-12-08,水上金叉,384.192,2025-12-09,383.192,1.1682888668379405,0.501220840439227,17.3628817465932,-1.0203762082715784,-2.3800079333597846,-0.6550241132382673,-1.5657946929998556,False,False,False,-3.7161527380529913,1.9207081567464979
300750,宁德时代,2026-02-02,水下金叉,340.672,2026-02-03,340.692,-7.418469136849978,-7.855618964193601,12.831985820484885,-0.3199370692590464,4.70512955983704,4.091672243551359,5.8175712960679915,False,False,False,-1.614361358646521,5.2099843847228655
300750,宁德时代,2026-03-10,水下金叉,367.992,2026-03-11,371.272,-0.454993284630973,-2.0901103836771138,44.43349581094536,4.638108987480893,4.287961386799988,4.691977849124096,6.846732314852733,True,False,False,-0.16160658492964108,6.574694563554484
300750,宁德时代,2026-04-13,水上金叉,418.822,2026-04-14,413.192,7.976040689970091,7.859931700400576,2.7722753238730267,2.2483494356134726,2.2991732656973074,7.860752386299841,2.6622006234389817,True,True,True,-1.718329493310622,9.317702182036447
300750,宁德时代,2026-04-29,水上金叉,443.598,2026-04-30,445.098,14.340215424905466,14.210043622083258,2.934454231583723,-2.3590310448485474,3.03303991480528,1.1548018638591895,-0.0876211530943749,False,False,False,-2.3590310448485474,4.9988991188457454
300750,宁德时代,2026-05-06,水上金叉,458.598,2026-05-07,467.348,14.856865860635594,14.248777079696307,13.259734690061599,-3.6610833896796424,-6.793652695635799,-4.844355811943135,-7.424873969718493,False,False,False,-7.200201990807709,0.0
300750,宁德时代,2026-06-02,水下金叉,432.488,2026-06-03,435.598,-0.2859059302928131,-0.3810953299009806,2.2009720410316014,-2.428844944191677,-6.6116006042268305,-7.805361824434454,-8.608854953420353,False,False,False,-7.87423266406182,0.0
300750,宁德时代,2026-06-22,水下金叉,407.578,2026-06-23,409.598,-5.673103707866005,-5.916145924050959,5.963084763774136,-4.51418219815527,-3.818378019423918,-2.2216905355983196,-4.550803470720066,False,False,False,-5.942411828182759,0.7421911239800849
300750,宁德时代,2026-06-24,水下金叉,393.958,2026-06-25,398.478,-5.887886790036134,-5.9173645842463545,0.7482471281258466,0.5069288643287706,-4.738028197290689,-1.8871807226496728,-4.025316328630446,True,False,False,-5.440701870617703,2.4919819914775765
300750,宁德时代,2026-07-20,水下金叉,375.028,2026-07-21,371.268,-9.341530254393774,-10.14339824043401,21.38154980535415,2.5668789122682334,-0.11043235614164315,3.587704838553285,7.361259252076668,True,False,False,-1.7938524192766314,4.937134361162299
002371,北方华创,2023-12-27,水上金叉,174.616,2023-12-28,174.083,0.7746666666666613,0.15493333333333226,35.491211191032264,3.2846400854764646,3.331744053124086,1.0293940246893785,-0.6939218648575718,True,True,False,-0.2728583491782621,4.305991969347955
002371,北方华创,2024-01-16,水上金叉,178.623,2024-01-17,178.438,1.4662091883732273,1.328343815357611,7.718231863512331,-0.6058126632219496,4.985485154507452,2.881112767459859,2.5863325076497246,False,False,False,-1.5523599233347007,5.405238794427203
002371,北方华创,2024-02-08,水上金叉,183.283,2024-02-19,188.986,1.9606823491371017,1.720045972045444,13.129225137719143,0.1963108378398415,-1.1365921285174552,0.9799667700252979,1.434497793487366,True,False,False,-2.3514969362809834,2.5086514344978106
002371,北方华创,2024-03-25,水上金叉,232.542,2024-03-26,233.06,9.362212854927606,8.9410308395774,18.112083638663396,-2.1037501072685094,-2.8443319316914017,-3.4355959838668126,-3.0193941474298436,False,False,False,-4.767441860465116,1.7480477130352723
002371,北方华创,2024-04-29,水上金叉,237.134,2024-04-30,237.371,3.8835279574988135,3.2692179658028486,25.90560576281617,-1.3481006525649764,-1.4133992779235993,-1.9408436582396327,-2.8988376844686137,False,False,False,-3.220275433814579,0.7743153123169977
002371,北方华创,2024-05-28,水下金叉,223.786,2024-05-29,222.764,-1.0817881712866324,-1.1836691567429491,4.55260764553264,-1.6295272126555571,-1.2304501625038267,-3.408539979529912,3.162539728142777,False,False,False,-3.408539979529912,0.5853728609649611
002371,北方华创,2024-07-15,水上金叉,246.49,2024-07-16,245.86,2.137562656615785,1.8190253788099529,12.922929035897276,4.088505653624019,4.0974538355161405,6.526071748149342,5.848043602049935,True,True,True,-0.38233140811845256,6.872610428699266
002371,北方华创,2024-08-30,水下金叉,234.216,2024-09-02,235.49,-4.050962828140911,-4.054073056651054,0.13279316998598056,-3.9632256146757805,-2.676971421291774,-4.218013503758133,-6.888615227822836,False,False,False,-4.561127861055681,0.7550214446473191
002371,北方华创,2024-09-25,水下金叉,216.749,2024-09-26,216.216,-4.625552222113583,-4.681156958738188,2.5653976085059047,3.089965589965593,13.470788470788463,24.66653716653715,38.03465053465052,True,True,True,-2.5696525696525696,24.673474673474672
002371,北方华创,2024-11-07,水上金叉,314.001,2024-11-08,323.631,13.281654734163851,12.826831174606315,14.484780607626588,2.0050613198364875,10.917680939094222,6.596401457215162,2.3619492570241984,True,True,False,-2.74448368666782,11.682131810611484
002371,北方华创,2024-12-23,水下金叉,297.342,2024-12-24,296.971,-2.27847237577339,-2.6137561544195242,11.27603159480108,1.3721878567267476,0.7983944560243206,0.5687424024568122,0.9903323893578841,True,False,False,-0.748221206784494,2.347367251347765
002371,北方华创,2025-01-16,水下金叉,289.083,2025-01-17,287.342,-3.3005855194421088,-3.5959273095052295,10.216504950589304,-0.36611424713406393,-0.36611424713406393,0.9305983810233176,-1.1059991229962929,False,False,False,-0.8637790507478815,2.3202316403449608
002371,北方华创,2025-02-06,水下金叉,303.12,2025-02-07,302.009,-1.436103556358546,-2.656528089633749,40.26209201884412,-0.5446857543980554,-0.9370581671407252,-1.9916625001241584,-0.03708498753348666,False,False,False,-2.857530735838998,0.6622319202407967
002371,北方华创,2025-04-09,零轴附近,339.194,2025-04-10,339.194,1.1899324090388745,-0.19351102630062167,40.78620009019901,-1.8541011928277173,-0.5460002240605721,-0.5460002240605721,1.744724258094199,False,False,False,-3.009487196117866,2.0374770780143603
002371,北方华创,2025-06-05,水下金叉,316.697,2025-06-06,316.971,-3.820849096131724,-3.9050315049741955,2.658137236616439,0.11452151774136166,-0.0441680784677434,-3.0378173397566433,-6.024525903000589,True,False,False,-3.0378173397566433,0.90702303996264
002371,北方华创,2025-06-19,水下金叉,312.201,2025-06-20,310.001,-3.9893876444738794,-4.355133313973043,11.715070403335133,1.476769429776037,4.296437753426607,3.639343098893244,4.138696326786051,True,True,False,-0.021612833506967633,5.28546682107478
002371,北方华创,2025-07-24,水上金叉,337.888,2025-07-25,337.238,2.242162549106922,1.8439910384832041,11.784127007284013,1.1742448952964946,1.6753746612184761,2.013414858349294,-0.830274168391465,True,True,True,-1.3047165503294322,2.182434956914703
002371,北方华创,2025-08-15,水上金叉,341.268,2025-08-18,342.908,2.438609637932018,2.134580473005076,8.90880964306474,1.0352631026397718,-1.0819228481108722,1.9888716507051374,11.586198047289642,True,False,False,-2.481715212243518,2.3883957213013396
002371,北方华创,2025-09-17,水上金叉,388.628,2025-09-18,391.018,8.523366292920684,8.29259738632166,5.938041175597862,4.0714238219212495,2.613690418343917,5.350137333831184,17.62067219411896,True,False,False,-0.4782388534543047,9.237426410037397
002371,北方华创,2025-11-19,水上金叉,418.528,2025-11-20,423.238,1.3213348591081058,1.100394132184751,5.278995119164184,-4.489199930062993,-8.775204494870492,-1.8334837609099375,-0.5410667284128645,False,False,False,-8.83191017819761,0.2362736805296306
002371,北方华创,2025-11-26,水上金叉,420.948,2025-11-27,422.118,0.9133376229440842,0.3539591450832442,13.288541051646282,-0.2084725124254394,1.1892409231541778,5.58611573067247,2.5987993878489046,True,True,True,-1.3929754239335956,5.714042045115342
002371,北方华创,2025-12-23,水上金叉,480.658,2025-12-24,480.238,11.039328393774099,9.644195860599666,29.0254720232355,0.020823008591586145,-1.6241946701427201,-4.5789795892869805,-4.581061890146132,False,False,False,-5.124542414386202,0.8350026445220982
002371,北方华创,2026-01-06,水上金叉,485.208,2026-01-07,492.238,10.61055205796498,10.10792854371851,10.358928835601864,4.554707275748737,2.7771118849012177,0.9141919152930056,-0.5688305250712067,True,False,False,-0.406307517908,6.291671914805441
002371,北方华创,2026-02-25,水上金叉,495.238,2026-02-26,495.238,0.5870547858849591,0.15476414378244,8.728947336483047,-1.437692584171657,-4.8703855519972254,-6.098078095784243,-9.530771063609823,False,False,False,-7.263174473687406,0.5310577944341865
002371,北方华创,2026-03-19,水下金叉,460.868,2026-03-20,460.718,-5.927631903053225,-6.156762972074446,4.97172876010531,1.5714601990805654,-3.7094274588794107,-3.7940779392166224,-3.336097135340921,True,False,False,-5.141974049201458,2.721838521611919
002371,北方华创,2026-03-25,水下金叉,463.438,2026-03-26,458.798,-5.532577933601317,-5.930707526703645,8.590784378974709,-2.931573372159424,-1.4341823634802187,2.0226766463672385,-1.9681864349888278,False,False,False,-5.462098788573622,2.2776908356182846
002371,北方华创,2026-03-27,水下金叉,452.218,2026-03-30,443.348,-5.859142221933041,-5.937353377654144,1.7295011636224817,5.578010953021084,0.6518581340166252,1.448072394597455,-3.983326867381831,True,False,False,-0.44885733103566805,5.841911996896343
002371,北方华创,2026-04-09,水下金叉,472.078,2026-04-10,474.238,-4.281841693727415,-6.122343001863767,38.98722897776113,0.39853406939132086,-0.5271614674488334,1.39170627406493,-0.3036450052505302,True,False,False,-1.6447437784403607,3.5846979786520627
002371,北方华创,2026-06-16,水上金叉,671.428,2026-06-17,659.628,23.769924002187167,22.897962304004448,12.986674642444452,6.644654259673621,9.194576336965676,12.826926692014284,16.627553712092258,True,True,True,-0.5139260310356719,14.797734480646675
002371,北方华创,2026-08-07,水下金叉,751.99,2026-08-10,752.04,-6.872357590656065,-7.7700485070023015,11.93753795058759,1.0584543375352418,-0.789851603638092,1.0584543375352418,-1.7791606829423934,True,False,False,-1.261900962714746,3.451944045529509
600519,贵州茅台,2023-12-28,水上金叉,1590.651,2023-12-29,1585.661,4.20559086371054,0.8035933864173512,21.387453799062076,0.3783910936826951,-2.2066507279929315,-1.639694739291686,-3.572011924364671,True,False,False,-2.7540565101872416,1.8654680918557043
600519,贵州茅台,2024-01-26,水下金叉,1502.981,2024-01-29,1505.961,-10.946530630617872,-11.443093930396,3.3038561350950393,0.6441069855062764,-1.8127959488990708,-2.34999445536771,-2.9416432430853123,True,False,False,-2.8002053174019825,1.3466484191821726
600519,贵州茅台,2024-02-06,水下金叉,1541.661,2024-02-07,1546.691,-6.956681282844784,-10.847827544175933,25.239960414975467,1.9370384905582405,1.6144142559826102,0.9310198352482812,2.3682817059128114,True,False,False,-1.2555836944806775,3.678821432335222
600519,贵州茅台,2024-03-12,水上金叉,1610.661,2024-03-13,1605.631,11.848566947610607,10.052163051448106,11.153209124468155,-0.7797557471174832,-1.4536341164314903,-1.400072619425008,-1.9898718946009364,False,False,False,-1.7731346741561405,0.5001149080953171
600519,贵州茅台,2024-04-23,水下金叉,1557.941,2024-04-24,1562.641,-6.295837896994271,-6.849342458968978,3.5527954009471925,-0.21630048104459565,-0.25213724713482044,0.7967281032559503,0.5132336857921915,True,False,False,-0.9426349366233211,1.089181712242282
600519,贵州茅台,2024-07-02,水下金叉,1387.237,2024-07-03,1395.537,-41.44939857207282,-41.85763111376884,2.942774318274498,0.07165700371971617,-0.950171869323424,-3.2962221711068884,-4.368927516791032,True,False,False,-3.511193182266037,1.0039146221132
600519,贵州茅台,2024-08-07,水下金叉,1312.037,2024-08-08,1307.537,-26.75092025668164,-26.783214616549785,0.2461390941577579,1.505884728309792,1.973175520080872,1.9196397501562101,0.17590324403822244,True,True,False,-0.152959342641934,4.435820936615942
600519,贵州茅台,2024-09-25,水下金叉,1295.537,2024-09-26,1296.497,-25.881936456295307,-28.471372888867755,19.98735993315859,9.952973281079714,17.681490971440738,26.84464368216817,15.055183313189291,True,True,True,-0.305438423690918,27.76095895324091
600519,贵州茅台,2024-11-07,水上金叉,1545.677,2024-11-08,1557.427,26.109628531955877,24.11082426847113,12.931577965414165,-3.2694951352454926,-4.0374283995333275,-5.373606596007374,-5.591915383513957,False,False,False,-6.016333349813497,0.3993766642031993
600519,贵州茅台,2024-12-10,水下金叉,1443.127,2024-12-11,1436.537,-5.203347722357876,-5.213056747670713,0.06727769151874455,-0.3062921456252199,1.7959857629841647,-1.4618488768475824,1.2530133230122198,False,False,False,-1.470202299001011,1.809908133239868
600519,贵州茅台,2025-01-20,水下金叉,1395.219,2025-01-21,1401.419,-14.851548554316196,-15.167726179523312,2.2661505126228643,-0.9169277710663337,-2.854249871023584,-2.711537377472406,-3.2831009141448764,False,False,False,-3.0683186113503513,0.07135624677558905
600519,贵州茅台,2025-02-12,水下金叉,1363.419,2025-02-13,1363.439,-16.32901541265096,-17.29435871485093,7.080312817996293,1.61650062819092,2.3455394777470717,2.097636931318525,3.5190426561070964,True,True,False,-0.6241570029902332,3.8109515717241305
600519,贵州茅台,2025-05-08,水上金叉,1498.609,2025-05-09,1499.409,2.184244655247994,1.6209870945262868,3.758535820362132,0.8129869835381776,1.701336993442082,0.7542971930940778,3.5360598742571137,True,True,False,-0.2627701981247288,2.6637161708379598
600519,贵州茅台,2025-06-26,水下金叉,1368.019,2025-06-27,1368.029,-30.605579591928972,-32.02358523592299,10.365394369478892,-1.2368158862129386,-0.7667966103057755,-1.0898891763259422,-0.3223615873640173,False,False,False,-1.3164925597337507,0.21856261819011014
600519,贵州茅台,2025-08-19,水下金叉,1386.019,2025-08-20,1386.019,-1.733803410351129,-2.0215212710672628,2.0758579840257148,0.8657889971205313,0.7395281017071209,1.8722687062731502,3.146421513702191,True,False,False,-0.5757496830851583,1.875876160427814
600519,贵州茅台,2025-10-16,水下金叉,1432.929,2025-10-17,1431.119,-4.41818132378944,-5.4905801248832375,7.483963274480433,-1.9634984931371835,-1.7587635968776771,-1.4562031529174013,-1.0565159151684766,False,False,False,-2.0312776226155904,0.3423894169527486
600519,贵州茅台,2025-11-10,水下金叉,1410.319,2025-11-11,1410.019,-5.56672991256346,-6.894904242829087,9.417545465002082,-0.21347230072785717,0.22340124494777402,0.5943182325911733,0.6382892712793131,False,False,False,-1.0638154521322107,1.1602680531255238
600519,贵州茅台,2025-12-17,水下金叉,1381.119,2025-12-18,1381.519,-8.250826065588853,-8.451960269020152,1.456313347592048,-0.18096023290306018,0.03307953057469781,-0.09286879152584637,-0.6256157171924515,False,False,False,-0.617653466944712,0.3894264212073617
600519,贵州茅台,2026-01-05,水下金叉,1397.976,2026-01-06,1404.526,-3.2077442364004582,-4.43662497152765,8.790427983936715,-0.32324072320483177,-0.6543132700996712,-1.4417675429290733,-0.6635690617332934,True,False,False,-1.7379528752048845,0.31469691554302237
600519,贵州茅台,2026-01-29,水下金叉,1409.696,2026-01-30,1406.976,-12.115712207748857,-12.912741533924109,5.653909255437005,-2.4165302037845726,-0.5685953420669576,2.8372907569141015,8.528930131004376,False,False,False,-2.4165302037845726,2.9716214064774427
600519,贵州茅台,2026-03-17,水下金叉,1456.976,2026-03-18,1460.976,-0.7752369578736307,-2.8095302474472135,13.962435136704947,-1.382637360230421,-2.4730043477784736,-3.011685339115766,-5.5900986737633,False,False,False,-3.422369703540651,0.513355455531106
600519,贵州茅台,2026-03-31,水下金叉,1421.976,2026-04-01,1436.466,-3.029181824522311,-3.2478052682535896,1.5374622618896407,-0.351557224466148,-0.32092649599780865,-0.3125726609609858,0.03689610474597593,True,True,True,-0.8625334675516072,0.38288410585423094
600519,贵州茅台,2026-06-01,水下金叉,1281.576,2026-06-02,1277.976,-28.79805050669256,-30.378834013111128,12.334684064141074,0.09546345158280012,-1.8850119251065833,-2.9734517706122787,-3.366260399256338,False,False,False,-3.0759576079676165,1.5931441592017315
600519,贵州茅台,2026-06-10,水下金叉,1247.856,2026-06-11,1244.096,-28.48963223291298,-29.08175376372831,4.745111061014493,0.5530119862132921,1.590713256854781,-0.08198724214207864,-2.5817943309840996,True,True,False,-0.5714993055198181,1.8390863727558049
600519,贵州茅台,2026-07-01,水下金叉,1193.01,2026-07-02,1193.01,-28.507408191525656,-29.334333206250804,6.931417295120312,0.8373777252495884,0.1207030955314714,1.165120158255184,0.5272378270089861,True,False,False,-1.0905189394891934,1.8868240836204198
600519,贵州茅台,2026-08-11,水上金叉,1346.5,2026-08-12,1346.5,24.662298645795545,24.430502014704825,1.7214751659169718,-0.25993316004455647,0.6528035647976216,-0.33494244337169965,-3.6026735982175984,False,False,False,-1.0389899740066877,0.9728926847382136
600036,招商银行,2023-12-27,水上金叉,21.312,2023-12-28,21.262,0.002393162393161674,0.0004786324786323348,0.898334231667295,3.480387545856445,2.6808390555921324,1.5520647163954404,2.633806791458926,True,False,False,0.0,4.138839243721182
600036,招商银行,2024-02-06,水上金叉,25.342,2024-02-07,25.432,0.7566845267720517,0.7512926884678621,2.1276293521385625,-0.4325259515570945,-0.07864108210128284,0.7864108210129173,6.212645486001889,False,False,False,-2.398553004089332,2.2412708398867665
600036,招商银行,2024-03-27,水上金叉,26.312,2024-03-28,26.352,0.17057095310702763,0.15430497625088357,6.181961407777463,-0.6071645415907767,-0.5312689738919296,1.1384335154827063,-0.4174256223436479,False,False,False,-1.0245901639344246,1.9353369763205786
600036,招商银行,2024-04-15,水上金叉,26.842,2024-04-16,26.722,0.28852700955613386,0.27056221245511436,6.69279379368881,0.14968939450639152,2.2079185689693803,3.517700770900367,2.357607963475794,False,False,False,-0.9729810642916004,5.201706459097366
600036,招商银行,2024-06-24,水下金叉,28.082,2024-06-25,28.082,-0.1895763636251928,-0.19409157216267212,1.6078657280390656,0.8190299836194015,-0.035609999287800065,0.6765899864682012,1.0326899793462019,True,False,False,-0.8546399829072127,1.4243999715120026
600036,招商银行,2024-08-16,水下金叉,29.134,2024-08-19,29.234,-0.09655996086037888,-0.15268505092910273,19.264464223492773,0.5815146746938504,0.7867551481151924,-0.03420674557023107,1.539303550660187,True,True,False,-1.4708900595197472,1.1972360949579208
600036,招商银行,2024-09-23,水下金叉,27.374,2024-09-24,27.664,-0.4869024598988183,-0.5049046801984036,6.576393767657381,5.24146905725853,8.92857142857142,13.37478311162521,21.435801041064195,True,True,True,-0.03614806246385882,13.37478311162521
600036,招商银行,2024-12-06,水下金叉,33.684,2024-12-09,33.574,-0.16628751147640486,-0.17759695309449935,3.357511464818459,0.3276344790611674,3.00828021683448,2.1147316375766945,-0.8637636266158322,False,False,False,-0.7148388634061975,4.169893369869548
600036,招商银行,2025-01-14,水上金叉,35.834,2025-01-15,35.974,0.37664851257358123,0.3719404764288035,1.3138461083824624,1.8068605103686242,2.7797854005670697,2.0014454884083044,0.4169678100850671,True,True,False,-0.2779785400566892,3.2523489186634835
600036,招商银行,2025-01-27,水上金叉,36.634,2025-02-05,36.834,0.49955323939724394,0.4968643856988269,0.7339776432868477,-2.3076505402617187,-1.7646739425530966,-1.7646739425530966,0.3529347885105949,False,False,False,-3.04066894716839,0.13574414942714164
600036,招商银行,2025-02-11,水上金叉,36.964,2025-02-12,36.944,0.4728774717850115,0.4655270403477222,1.9885378847768929,1.7864876569943622,2.03009961022087,2.8962754439151084,2.950411433520994,True,True,True,-1.0827197921178144,2.8962754439151084
600036,招商银行,2025-03-05,水上金叉,38.874,2025-03-06,38.874,0.5841303875956569,0.5715756955015545,3.22958586564347,0.18006894068014478,1.7492411380356954,0.46303441889179453,1.6720687348870777,True,True,False,-1.1318619128466434,2.340896228841882
600036,招商银行,2025-04-21,水下金叉,38.264,2025-04-22,38.294,-0.24028522062865676,-0.26165594414091403,5.585073048363284,-0.7834125450462137,-0.835640048049302,-0.26113751501539717,0.10445500600617663,False,False,False,-1.4101425810831958,0.600616284535449
600036,招商银行,2025-05-08,水下金叉,38.784,2025-05-09,38.784,-0.16132125773799544,-0.22322442284585337,15.961005854955117,1.753300330033003,2.5783828382838214,4.537953795379535,5.466171617161719,True,True,True,0.0,4.770008250825097
600036,招商银行,2025-06-09,水上金叉,40.584,2025-06-10,40.554,0.3624754942777031,0.343094038893142,4.775639509304429,0.24658480051289455,1.8247275237954108,1.627459683385113,2.983676086206044,True,True,False,-0.2959017606154912,2.7370912856931495
600036,招商银行,2025-07-08,水上金叉,43.604,2025-07-09,43.484,0.739491377590106,0.7275820773597579,2.7312403060150645,-0.8508876828258738,1.7017753656517254,0.3219575016097931,-0.6439150032195751,False,False,False,-0.919878576027966,2.4146812620734037
600036,招商银行,2025-07-10,水上金叉,44.224,2025-07-11,44.264,0.7763100654126944,0.735323535981115,9.267938095056856,-1.4458702331465734,-1.6040122898969833,-2.394722573649022,-2.891740466293158,False,False,False,-3.3435749141514592,0.497017892644136
600036,招商银行,2025-09-10,水下金叉,40.984,2025-09-11,41.114,-0.372506599553887,-0.38793189551251833,3.763736082039661,0.41348445784892274,-1.4350342948873829,-2.2133579802500303,-3.332198277958842,True,False,False,-2.4809067470934365,0.8269689156978233
600036,招商银行,2025-10-14,水下金叉,39.244,2025-10-15,39.234,-0.6779806880958503,-0.6961126164434668,4.62030586780564,0.6372024264668319,1.7331905999897979,0.8665952999948878,1.8606310852831598,True,True,False,-0.611714329408175,2.472345414691346
600036,招商银行,2025-12-02,水上金叉,41.364,2025-12-03,41.254,0.3262754415165361,0.3243157588898662,0.47376526125855833,-0.6302419159354145,-0.12120036844911475,0.436321326416822,-0.5575216948659478,False,False,False,-0.8726426528336662,0.7514422843845514
600036,招商银行,2025-12-30,水下金叉,40.264,2025-12-31,40.224,-0.19256583899958457,-0.19695865584474792,1.0910035876125943,-0.34805091487667417,0.273468575974567,1.2181782020684206,-1.6408114558472464,False,False,False,-0.7955449482895616,1.3922036595067633
600036,招商银行,2026-01-30,水下金叉,37.667,2026-02-02,37.877,-0.731328791591892,-0.7444082869918387,3.472401677847103,-1.1352535839691646,-1.531272276051443,0.34321619980461904,1.9008897219948695,False,False,False,-1.9536922142725177,1.108852337830335
600036,招商银行,2026-04-01,水上金叉,38.817,2026-04-02,38.857,0.08507319983623063,0.07951628958654644,1.431566130737612,-0.25735388733046927,-1.1838278817201564,-2.2389788197750615,-1.5441233239828156,False,False,False,-2.3161849859742123,0.15441233239827934
600036,招商银行,2026-04-16,水上金叉,38.907,2026-04-17,38.847,0.05504414632927279,0.027733728814712144,7.019409750060568,-0.8494864468298613,0.05148402708059496,0.05148402708059496,-0.10296805416118993,False,False,False,-1.3385847040955579,0.7722604062089689
600036,招商银行,2026-05-29,水下金叉,37.007,2026-06-01,36.997,-0.45777479770253393,-0.5140959384856498,15.219050661527792,0.5405843717058323,2.1623374868232403,1.3514609292645252,1.5676946779468626,True,True,False,-0.5405843717058212,2.3785712355055777
600036,招商银行,2026-07-06,水下金叉,36.727,2026-07-07,36.717,-0.4126384353257393,-0.4156803020998929,0.828237202644806,-0.4630007898248856,0.5991774927145421,-0.4630007898248856,1.45164365280388,False,False,False,-1.552414412942238,0.6808835144483494
000333,美的集团,2023-12-27,水上金叉,42.93,2023-12-28,42.77,0.06381766381766596,0.012763532763533193,11.89241347638779,1.4262333411269479,2.782324058919805,2.6186579378068675,4.231938274491465,True,True,False,-0.4442366144493892,3.764320785597386
000333,美的集团,2024-02-27,水上金叉,51.25,2024-02-28,51.33,1.443164199302764,1.4411336840738012,0.3961980934561568,-0.3506721215663311,1.2273524254821755,4.812000779271375,5.922462497564784,False,False,False,-2.0455873758036147,4.889927917397241
000333,美的集团,2024-04-01,水上金叉,55.55,2024-04-02,55.33,0.819261774354743,0.776741719984218,7.654375224216917,0.4518344478583014,1.3193565877462676,-1.2289896981745874,-1.5000903668895726,True,True,False,-2.4037592626061755,1.6266040122898895
000333,美的集团,2024-04-15,水上金叉,56.17,2024-04-16,56.11,0.9500782046250222,0.9240477372044498,4.634229556804783,2.7267866690429576,3.2079843165211175,5.738727499554441,5.7030832293708755,True,True,True,-0.3742648369274626,8.10907146676172
000333,美的集团,2024-05-06,水上金叉,60.34,2024-05-07,60.14,1.50057459583023,1.429984951342309,11.698648407013724,0.4822081809112033,-0.09976720984370413,1.7292983039574272,3.1592949783837643,True,False,False,-0.6983704689058845,2.544063851014311
000333,美的集团,2024-06-25,水下金叉,57.599,2024-06-26,57.319,-0.3456905158184611,-0.3538556976543848,1.4175909019121313,-1.3259128735672365,-1.587606203876557,-0.8897573230516986,-3.506690626144915,False,False,False,-2.6867181911756965,0.6629564367836016
000333,美的集团,2024-07-08,水下金叉,56.539,2024-07-09,56.119,-0.4074502076477273,-0.42907967440862654,3.8255835371865823,0.5167590299185676,0.0,0.16037349204369722,2.0135782889930454,False,False,False,-2.2986867192929306,2.2274096117179676
000333,美的集团,2024-08-01,水下金叉,55.889,2024-08-02,55.609,-0.5179903476511143,-0.6148139148379146,17.32426187385716,-0.5574637199014632,-2.9671456059270906,-6.078152816990057,-4.207951950223887,False,False,False,-6.797460842669356,1.7982700641982374
000333,美的集团,2024-08-15,水下金叉,53.309,2024-08-16,53.119,-0.7267707706428439,-0.7270850959886074,0.058962904155673075,1.750785971121438,2.9179766185357447,4.160469888363871,6.17481503793369,True,True,True,-0.2635591784483915,5.045275701726304
000333,美的集团,2024-09-19,水上金叉,57.589,2024-09-20,57.219,0.17786369641008548,0.1057673507492525,12.51911748091354,2.009821912301857,4.7012356035582625,5.47021094391722,15.117356122966141,True,True,True,-0.26215068421328036,5.8372219018158145
000333,美的集团,2024-12-05,水下金叉,64.029,2024-12-06,64.089,-0.43035521142095945,-0.4628079166703809,5.068438559000056,1.6695532774735344,2.1064457239151624,3.214280141677972,5.898048026962499,True,True,True,-0.7333551779556524,7.614411209411909
000333,美的集团,2025-01-08,水上金叉,69.889,2025-01-09,70.009,0.9195387243820647,0.8236248441592656,13.723744827197288,1.4712394120755867,-1.899755745689835,-4.856518447628167,-5.542144581410957,True,False,False,-5.3850219257523975,1.856904112328417
000333,美的集团,2025-02-28,水下金叉,65.359,2025-03-03,65.009,-0.6832237926343367,-0.7747446448089679,14.002792603104567,-2.6150225353412604,-1.1229214416465516,-1.461336122690704,-2.9380547308834215,False,False,False,-2.845759817871374,0.4460920795582357
000333,美的集团,2025-03-14,水下金叉,64.179,2025-03-17,64.829,-0.5424184603066706,-0.6103929319659972,10.591388407318059,-0.9872125129186005,3.794598096530888,6.154653010226929,4.257353961961474,True,True,True,-1.419117987320484,8.360455968779412
000333,美的集团,2025-04-24,水下金叉,65.259,2025-04-25,65.259,-0.4291565289073702,-0.541800437677315,17.26105345928451,-0.30647113808057735,0.4290595933128083,1.9154446130035696,1.6855912594431421,False,False,False,-0.8734427435296399,2.175945080372066
000333,美的集团,2025-06-25,水下金叉,68.968,2025-06-26,68.788,-0.052105218095590544,-0.05793819301629064,0.8457509164685212,0.14537419317324218,-1.0466941908472416,-1.1629935453858153,-0.7268709658661443,False,False,False,-1.4828167703669237,0.8577077397220467
000333,美的集团,2025-07-02,水下金叉,68.288,2025-07-03,68.578,-0.029796559644140075,-0.03451501382394717,0.6909638852810299,0.14581935897808318,1.006153576948865,-0.34996646154744626,-1.4436116538831811,True,True,False,-0.6707690512992581,1.5311032692700177
000333,美的集团,2025-07-14,零轴附近,68.888,2025-07-15,68.898,0.007213405605966727,-0.010671921128241193,2.5962906071025316,0.14514209411014,-0.31931260704228803,-0.6966820517286254,-0.8127957270167574,True,False,False,-0.7402246799616652,1.4223925222793143
000333,美的集团,2025-08-12,水下金叉,67.718,2025-08-13,67.768,-0.2574101102154174,-0.26892677002636406,1.7006792597162768,-0.23609963404556122,0.5164679494746638,0.47219926809112245,1.0329358989493498,False,False,False,-0.5607366308582162,1.5789163026797226
000333,美的集团,2025-10-22,水下金叉,69.668,2025-10-23,69.588,-0.27121300242608015,-0.3014285571432215,4.337077957906258,1.5663620164396264,1.1639937920331134,1.5519917227108326,0.8622176237282453,True,False,False,-0.17244352474563573,2.227395527964604
000333,美的集团,2026-02-02,水下金叉,74.128,2026-02-03,74.078,-0.4393665904865003,-0.49605609998352607,7.647516390166439,0.14849212991712157,2.7133561921218075,3.57731040254865,1.8359026971570547,True,True,True,-0.4994735279030271,4.535759604740952
000333,美的集团,2026-04-01,水下金叉,73.118,2026-04-02,73.128,-0.7209059424254605,-0.8351464028667271,15.624122711407134,0.711081938518765,-0.6837326331911142,-0.9982496444590372,-0.4512635379061325,True,False,False,-1.6819822776501514,1.3537906137184086
000333,美的集团,2026-05-14,水上金叉,78.088,2026-05-15,77.728,1.0072675140935274,0.9672405960321975,5.125873125362407,1.4409221902017322,1.7754219843557184,-0.5789419514203198,0.06432688349116145,True,True,False,-1.2222107863318121,2.5602099629477237
000333,美的集团,2026-06-03,水上金叉,78.888,2026-06-04,78.328,0.6472177430344033,0.5952538175770309,6.587050686716912,0.47237258706973595,-0.459605760392201,1.0213461342048813,2.3618629353487908,False,False,False,-1.4937187212746394,2.1703605351853783
000333,美的集团,2026-07-01,水下金叉,77.4,2026-07-02,77.61,-0.4187383592432923,-0.41930715475917907,0.07348779275023107,-0.773096250483174,0.45097281278185797,3.0795000644246784,2.3192887514495553,False,False,False,-0.8117510630073377,3.272774127045497
